id,name,lat,lng,road,city,country
54,"NS Adaševci",45.0501133,19.209708,"Auto-put A3",,"Srbija"
29,"NS Aleksinac",43.5261508,21.7219636,"Auto-put A1","Aleksinac","Srbija"
28,"NS Aleksinački Rudnici",43.5515203,21.6885855,"Auto-put A1","Aleksinački Rudnici","Srbija"
3,"NS Bačka Topola",45.8232203,19.6849777,"Auto-put A1","Bačka Topola","Srbija"
23,"NS Batočina",44.1503107,21.1123471,"Auto-put A1","Kragujevac","Srbija"
60,"NS Bela Palanka",43.2337276,22.3165,"Auto-put A4",,"Srbija"
13,"NS Beograd",44.6643328,20.6121724,"Auto-put A1","Vrčin","Srbija"
10,"NS Beška",45.1351689,20.0903017,"Auto-put A1","Beška","Srbija"
33,"NS Brestovac",43.1498819,21.8926074,"Auto-put A1",,"Srbija"
41,"NS Bujanovac jug",42.4531394,21.7776145,"Auto-put A1",,"Srbija"
40,"NS Bujanovac sever",42.466845,21.8086596,"Auto-put A1",,"Srbija"
49,"NS Čačak (Pakovraće)",43.9031025,20.2616419,"Auto-put A2","Čačak","Srbija"
64,"NS Ćićevac",43.7227547,21.4208331,"Auto-put A5",,"Srbija"
25,"NS Ćuprija",43.9379759,21.3900548,"Auto-put A1","Ćuprija","Srbija"
63,"NS Dimitrovgrad",43.0219083,22.7364149,"Auto-put A4",,"Srbija"
32,"NS Doljevac Selo",43.1932409,21.8502504,"Auto-put A1",,"Srbija"
4,"NS Feketić",45.6402133,19.7145919,"Auto-put A1","Feketić","Srbija"
36,"NS Grdelica",42.8862461,22.0684915,"Auto-put A1",,"Srbija"
69,"NS Hrtkovci",44.8595055,19.7747472,"Auto-put A8",,"Srbija"
11,"NS Inđija",45.069987,20.147843,"Auto-put A1","Inđija","Srbija"
24,"NS Jagodina",43.9989469,21.2662846,"Auto-put A1","Jagodina","Srbija"
17,"NS Kolari",44.5770234,20.8876602,"Auto-put A1","Kolari","Srbija"
67,"NS Koševi",43.5878969,21.25298,"Auto-put A5",,"Srbija"
8,"NS Kovilj",45.2405783,20.0347076,"Auto-put A1","Kovilj","Srbija"
65,"NS Kruševac istok",43.605255224579075,21.334327689443647,"Auto-put A5",,"Srbija"
66,"NS Kruševac zapad",43.6078634,21.3083408,"Auto-put A5",,"Srbija"
53,"NS Kuzmin",45.0356639,19.3862195,"Auto-put A3",,"Srbija"
45,"NS Lajkovac",44.3598096,20.1309312,"Auto-put A2",,"Srbija"
22,"NS Lapovo",44.1846523,21.1101252,"Auto-put A1","Lapovo","Srbija"
34,"NS Leskovac centar",43.0900373,21.9383605,"Auto-put A1",,"Srbija"
35,"NS Leskovac jug",42.9706911,22.0325791,"Auto-put A1",,"Srbija"
46,"NS Ljig",44.2306724,20.2492917,"Auto-put A2",,"Srbija"
gen-5,"NS Lučani",43.83675818661708,20.156942146000556,"Auto-put A2","Lučani","Srbija"
57,"NS Malča",43.31918,22.0198772,"Auto-put A4",,"Srbija"
14,"NS Mali Požarevac",44.5630314,20.6693924,"Auto-put A1","Mali Požarevac","Srbija"
9,"NS Maradik",45.0994678,20.1029961,"Auto-put A1","Maradik","Srbija"
21,"NS Markovac",44.2394907,21.1166753,"Auto-put A1","Markovac","Srbija"
31,"NS Merošina",43.2792991,21.7981389,"Auto-put A1",,"Srbija"
55,"NS Morović",45.0460388,19.2102103,"Auto-put A3",,"Srbija"
58,"NS Niš istok",43.3421859,21.9363022,"Auto-put A4",,"Srbija"
30,"NS Niš jug",43.3275294,21.8156602,"Auto-put A1","Niš","Srbija"
59,"NS Niš sever",43.3498023,21.8580036,"Auto-put A4",,"Srbija"
7,"NS Novi Sad jug",45.2882555,19.8910168,"Auto-put A1","Novi Sad","Srbija"
71,"NS Novi Sad sever",45.3134231,19.7998316,"Auto-put A1","Novi Sad","Srbija"
43,"NS Obrenovac",44.5715635,20.1905325,"Auto-put A2",,"Srbija"
26,"NS Paraćin",43.8560576,21.4334559,"Auto-put A1","Paraćin","Srbija"
51,"NS Pećinci",44.9187889,19.9530736,"Auto-put A3",,"Srbija"
62,"NS Pirot istok",43.1235771,22.61865,"Auto-put A4",,"Srbija"
61,"NS Pirot zapad",43.1883459,22.5665577,"Auto-put A4",,"Srbija"
19,"NS Požarevac",44.5799914,20.9825685,"Auto-put A1","Požarevac","Srbija"
37,"NS Predejane",42.8204261,22.1238273,"Auto-put A1",,"Srbija"
48,"NS Preljina",43.9173205,20.4005788,"Auto-put A2",,"Srbija"
42,"NS Preševo",42.3026234,21.7096273,"Auto-put A1",,"Srbija"
gen-6,"NS Prilipac",43.8245042889927,20.083435983189773,"Auto-put A2","Prilipac","Srbija"
27,"NS Ražanj",43.6841398,21.5460942,"Auto-put A1","Ražanj","Srbija"
68,"NS Ruma",44.9692038,19.8087058,"Auto-put A8",,"Srbija"
70,"NS Šabac",44.8082839,19.7188302,"Auto-put A8",,"Srbija"
56,"NS Šid",45.048643,19.19245,"Auto-put A3",,"Srbija"
50,"NS Šimanovci",44.8822256,20.1137982,"Auto-put A3",,"Srbija"
18,"NS Smederevo",44.5899553,20.9573221,"Auto-put A1","Smederevo","Srbija"
52,"NS Sremska Mitrovica",44.9954043,19.6450541,"Auto-put A3",,"Srbija"
12,"NS Stara Pazova",45.006628,20.201475,"Auto-put A1","Stara Pazova","Srbija"
1,"NS Subotica",46.0210829,19.7339334,"Auto-put A1","Bikovo","Srbija"
47,"NS Takovo",44.0437403,20.3817187,"Auto-put A2",,"Srbija"
72,"NS Trstenik",43.61946325493339,21.022275560382546,"Auti-put A5",,"Srbija"
44,"NS Ub",44.4548101,20.1216655,"Auto-put A2",,"Srbija"
15,"NS Umčari",44.5745164,20.7464819,"Auto-put A1","Umčari","Srbija"
74,"NS Velika Drenova",43.61528103277899,21.171779291643762,"Auti-put A5",,
20,"NS Velika Plana",44.33913,21.0800546,"Auto-put A1","Velika Plana","Srbija"
38,"NS Vladičin Han",42.7035091,22.0724971,"Auto-put A1",,"Srbija"
16,"NS Vodanj",44.5851547,20.8191337,"Auto-put A1","Vodanj","Srbija"
39,"NS Vranje",42.5441182,21.9280924,"Auto-put A1",,"Srbija"
75,"NS Vrba",43.70156092667137,20.778613753516606,"Auti-put A5",,
5,"NS Vrbas",45.5552904,19.7220427,"Auto-put A1","Vrbas","Srbija"
73,"NS Vrnjačka Banja",43.64926817300584,20.911321467194675,"Auti-put A5",,
2,"NS Žednik",45.9346166,19.7077494,"Auto-put A1","Žednik","Srbija"
6,"NS Zmajevo",45.4420734,19.7353658,"Auto-put A1","Zmajevo","Srbija"